{
	"name": "jquery-loadingIndicator",
	"title": "jQuery Loading Indicator",
	"description": "A small library to show the loading process.",
	"keywords": [
		"jquery",
		"plugins",
		"loading",
		"CSS3"
	],
	"version": "0.0.1",
	"author": {
		"name": "tobaiasjl",
		"email": "tobias.lopez@opten.ch",
		"url": "https://github.com/tobaiasjl"
	},
	"maintainers": [
		{
			"name": "tobaiasjl",
			"email": "tobias.lopez@opten.ch",
			"url": "https://github.com/tobaiasjl"
		}
	],
	"licenses": [
		{
			"type": "MIT",
			"url": "http://mit-license.org/"
		}
	],
	"bugs": "https://github.com/tobaiasjl/jquery.loading-indicator/issues",
  	"homepage": "http://tobaiasjl.github.io/jquery.loading-indicator/",
	"docs": "http://tobaiasjl.github.io/jquery.loading-indicator/",
  	"download": "https://github.com/tobaiasjl/jquery.loading-indicator/archive/master.zip",
	"dependencies": {
		"jquery": ">=1.4"
	}
}